<?xml version="1.0" encoding="UTF-8"?>
<project-private xmlns="http://www.netbeans.org/ns/project-private/1">
    <editor-bookmarks xmlns="http://www.netbeans.org/ns/editor-bookmarks/2" lastBookmarkId="0"/>
    <open-files xmlns="http://www.netbeans.org/ns/projectui-open-files/2">
        <group>
            <file>file:/C:/Users/User/Desktop/CIS%203515%20Mobile%20App/Shape/src/shape/Main.java</file>
            <file>file:/C:/Users/User/Desktop/CIS%203515%20Mobile%20App/Shape/src/shape/Circle.java</file>
            <file>file:/C:/Users/User/Desktop/CIS%203515%20Mobile%20App/Shape/src/shape/Triangle.java</file>
            <file>file:/C:/Users/User/Desktop/CIS%203515%20Mobile%20App/Shape/src/shape/Shape.java</file>
            <file>file:/C:/Users/User/Desktop/CIS%203515%20Mobile%20App/Shape/src/shape/Square.java</file>
            <file>file:/C:/Users/User/Desktop/CIS%203515%20Mobile%20App/Shape/src/shape/EquilateralTriangle.java</file>
        </group>
    </open-files>
</project-private>
